[
{
  "model": "users.user",
  "pk": 2,
  "fields": {
    "password": "pbkdf2_sha256$1000000$Nvmpt3sMsw34cC6U06j3Mp$1pMXYVjHDW0wr8HULacpT/oBr/Flt1zQQX+sc6izpyE=",
    "last_login": null,
    "is_superuser": false,
    "username": "JohnSnow",
    "first_name": "John",
    "last_name": "Snow",
    "is_staff": false,
    "is_active": true,
    "date_joined": "2025-08-27T13:56:59.426Z",
    "email": "bla@bla.bla",
    "phone": null,
    "image": "profile_images/default.png",
    "groups": [],
    "user_permissions": []
  }
},
{
  "model": "products.category",
  "pk": 1,
  "fields": {
    "create_at": "2025-08-28T12:27:21.447Z",
    "update_at": "2025-08-29T10:15:43.194Z",
    "name": "Malts",
    "slug": "malts",
    "parent": null
  }
},
{
  "model": "products.category",
  "pk": 2,
  "fields": {
    "create_at": "2025-08-29T10:15:59.094Z",
    "update_at": "2025-08-29T10:15:59.094Z",
    "name": "Hops",
    "slug": "hops",
    "parent": null
  }
},
{
  "model": "products.category",
  "pk": 3,
  "fields": {
    "create_at": "2025-08-29T10:16:20.290Z",
    "update_at": "2025-08-29T10:16:20.290Z",
    "name": "Yeast",
    "slug": "yeast",
    "parent": null
  }
},
{
  "model": "products.category",
  "pk": 4,
  "fields": {
    "create_at": "2025-08-29T10:16:37.794Z",
    "update_at": "2025-08-29T10:16:37.794Z",
    "name": "Adjuncts",
    "slug": "adjuncts",
    "parent": null
  }
},
{
  "model": "products.product",
  "pk": 1,
  "fields": {
    "create_at": "2025-08-28T12:27:41.475Z",
    "update_at": "2025-08-29T05:45:37.661Z",
    "name": "Caramel Malt 60L",
    "slug": "caramel-malt-60l",
    "description": "Caramel Malt 60L (also known as Crystal 60L) is a versatile specialty malt that is a secret weapon for many brewers to enhance beer color, flavor, and body. It imparts a beautiful copper-amber hue to the brew.\r\n\r\nThe flavor of this malt is characterized by distinct notes of caramel, toffee, and light hints of toasted bread. It adds a pleasant sweetness to the beer that beautifully balances hop bitterness and also contributes to improved head retention.\r\n\r\nCaramel Malt 60L is ideal for a wide range of styles, from Pale Ales and Amber Ales to Porters and Stouts, adding complexity and depth.",
    "price": "3.00",
    "category": 1,
    "image": "product_images/caramel_malt_hG3Rw1I.jpg",
    "stock": 42,
    "is_active": true
  }
},
{
  "model": "products.product",
  "pk": 2,
  "fields": {
    "create_at": "2025-08-29T06:04:00.283Z",
    "update_at": "2025-08-29T12:59:06.966Z",
    "name": "Cascade Hops",
    "slug": "cascade-hops",
    "description": "Cascade is arguably the most famous hop in the American craft brewing revolution. Developed in Oregon, it has a unique floral and citrus character that defined the taste of the classic American Pale Ale.\r\n\r\nIts moderate bitterness and vibrant aroma, with notes of grapefruit, orange, and light floral undertones, make it incredibly versatile. Cascade is excellent for both bittering and late kettle additions or for dry hopping.\r\n\r\nThis hop is a reliable choice for brewers looking to create a refreshing, balanced, and recognizable ale.",
    "price": "7.49",
    "category": 2,
    "image": "product_images/cascade_hops.jpg",
    "stock": 32,
    "is_active": true
  }
},
{
  "model": "products.product",
  "pk": 3,
  "fields": {
    "create_at": "2025-08-29T06:04:00.283Z",
    "update_at": "2025-08-29T12:59:06.966Z",
    "name": "Centennial Hops",
    "slug": "centennial-hops",
    "description": "Centennial is a classic American hop often referred to as \"Super Cascade\" due to its similar citrus profile but with a higher intensity and alpha acid content. It is one of the \"Three Cs\" (along with Cascade and Columbus) that defined the flavor of American IPAs.\r\n\r\nThe aroma of Centennial is powerful, with bright notes of lemon, grapefruit, and pronounced floral undertones. Unlike Cascade, it is less spicy and more \"clean\" in its citrus expression. Thanks to its high alpha acid content, it is excellent for both bittering and creating an intense aroma.\r\n\r\nThis is an extremely versatile hop, perfect for American Pale Ales, IPAs, and Double IPAs, giving them a bright and recognizable character.",
    "price": "6.20",
    "category": 2,
    "image": "product_images/centennial_hops.jpg",
    "stock": 32,
    "is_active": true
  }
},
{
  "model": "products.product",
  "pk": 4,
  "fields": {
    "create_at": "2025-08-29T06:04:00.283Z",
    "update_at": "2025-08-29T12:59:06.966Z",
    "name": "Citra Hops",
    "slug": "citra-hops",
    "description": "Citra is one of the most sought-after and recognizable hop varieties in the world of craft brewing, famous for its bright and multifaceted citrus aroma. Developed in the USA, this variety is ideal for IPAs, Pale Ales, and other styles where a distinct fruity profile is desired.\r\n\r\nCitra boasts a high alpha acid content, making it excellent for both bitterness and intense aroma. It imparts notes of grapefruit, lime, passion fruit, lychee, and melon to beer, creating a unique tropical bouquet.\r\n\r\nOur T-90 pellets are hermetically sealed to preserve freshness and maximum aromatics.",
    "price": "5.99",
    "category": 2,
    "image": "product_images/citra_hops.jpg",
    "stock": 16,
    "is_active": true
  }
},
{
  "model": "products.product",
  "pk": 5,
  "fields": {
    "create_at": "2025-08-29T06:04:00.283Z",
    "update_at": "2025-08-29T12:59:06.966Z",
    "name": "Imperial Organic Yeast A07",
    "slug": "imperial-organic-yeast-a07",
    "description": "Imperial Organic Yeast A07 \"Flagship\" is a versatile and extremely popular liquid yeast, known for its ability to create balanced ales with a light fruity character. This strain is a true workhorse and is perfect for most American beer styles.\r\n\r\n\"Flagship\" provides a clean fermentation with light ester notes of citrus and stone fruit that complement, rather than overpower, the hop and malt profile. It has good attenuation and moderate flocculation, leaving behind a soft and smooth mouthfeel.\r\n\r\nThanks to the high cell count per package (200 billion), this yeast does not require a starter for most standard batches of beer, making it a convenient and reliable choice.",
    "price": "8.99",
    "category": 3,
    "image": "product_images/imperial_yeast.jpg",
    "stock": 40,
    "is_active": true
  }
},
{
  "model": "products.product",
  "pk": 6,
  "fields": {
    "create_at": "2025-08-29T06:04:00.283Z",
    "update_at": "2025-08-29T12:59:06.966Z",
    "name": "Maris Otter Pale Malt",
    "slug": "maris-otter-pale-malt",
    "description": "Maris Otter Pale Malt is the cornerstone of British brewing heritage, a revered base malt prized by brewers worldwide for its exceptional quality and flavor.\r\n\r\nIt provides a rich, slightly sweet, and biscuity malt backbone that is more complex than standard 2-row malts, with subtle nutty undertones that enhance any beer style. Perfect for creating authentic British ales such as Bitters, IPAs, Porters, and Stouts.\r\n\r\nIts excellent processing characteristics and high extract yield make it a reliable and efficient choice for both novice and experienced brewers.",
    "price": "2.50",
    "category": 1,
    "image": "product_images/maris_otter_malt.jpg",
    "stock": 44,
    "is_active": true
  }
},
{
  "model": "products.product",
  "pk": 7,
  "fields": {
    "create_at": "2025-08-29T06:04:00.283Z",
    "update_at": "2025-08-29T12:59:06.966Z",
    "name": "Mosaic Hops",
    "slug": "mosaic-hops",
    "description": "Mosaic is one of the most vibrant and multifaceted hops on the modern craft scene. As a \"daughter\" of Simcoe, it inherited the best from its lineage and added a unique palette of aromas, making it a true aromatic bomb.\r\n\r\nThe name \"Mosaic\" is fully justified: it creates a complex mosaic of flavors and aromas, including notes of tropical fruits (mango, guava), citrus (tangerine), berries (blueberry), stone fruits (peach), and even light pine and earthy undertones.\r\n\r\nThis hop is ideal for dry hopping in IPA and Pale Ale styles, where it can unleash its full potential, creating a juicy, vibrant, and unforgettable beer.",
    "price": "9.50",
    "category": 2,
    "image": "product_images/mosaic_hops.jpg",
    "stock": 23,
    "is_active": true
  }
},
{
  "model": "products.product",
  "pk": 8,
  "fields": {
    "create_at": "2025-08-29T06:04:00.283Z",
    "update_at": "2025-08-29T12:59:06.966Z",
    "name": "Pilsner Malt",
    "slug": "pilsner-malt",
    "description": "Mosaic is one of the most vibrant and multifaceted hops on the modern craft scene. As a \"daughter\" of Simcoe, it inherited the best from its lineage and added a unique palette of aromas, making it a true aromatic bomb.\r\n\r\nThe name \"Mosaic\" is fully justified: it creates a complex mosaic of flavors and aromas, including notes of tropical fruits (mango, guava), citrus (tangerine), berries (blueberry), stone fruits (peach), and even light pine and earthy undertones.\r\n\r\nThis hop is ideal for dry hopping in IPA and Pale Ale styles, where it can unleash its full potential, creating a juicy, vibrant, and unforgettable beer.",
    "price": "2.20",
    "category": 1,
    "image": "product_images/pilsner_malt.jpg",
    "stock": 15,
    "is_active": true
  }
},
{
  "model": "products.product",
  "pk": 9,
  "fields": {
    "create_at": "2025-08-29T06:04:00.283Z",
    "update_at": "2025-08-29T12:59:06.966Z",
    "name": "Saaz Hops",
    "slug": "saaz-hops",
    "description": "Saaz is a noble hop, the heart and soul of classic Bohemian and Czech pilsners. Grown in the Žatec region of the Czech Republic, it possesses a delicate and refined aromatic profile that is unmistakable.\r\n\r\nIts aroma is characterized by soft, spicy, herbal, and floral notes. Saaz is primarily used for aroma rather than bitterness, as its alpha acid content is low. It imparts a classic European elegance and clean taste to the beer.\r\n\r\nIf you aim to brew an authentic Czech pilsner, European lager, or Belgian ale, Saaz is an indispensable ingredient.",
    "price": "4.75",
    "category": 2,
    "image": "product_images/saaz_hops.jpg",
    "stock": 21,
    "is_active": true
  }
},
{
  "model": "products.product",
  "pk": 10,
  "fields": {
    "create_at": "2025-08-29T06:04:00.283Z",
    "update_at": "2025-08-29T12:59:06.966Z",
    "name": "SafAle US-05 Dry Ale Yeast",
    "slug": "safale-us-05-dry-ale-yeast",
    "description": "SafAle US-05 is the most famous and popular American ale yeast in the world. This strain is renowned for its ability to produce clean, crisp beers with a neutral flavor profile, allowing the hop and malt character to shine through.\r\n\r\nWith its high attenuation and high flocculation, US-05 is ideal for a wide range of American ale styles, from West Coast IPAs to American Pale Ales and Cream Ales. It forms a firm sediment, making racking and clarification easier.\r\n\r\nReliable, easy to use, and available in a dry format, this yeast is the number one choice for brewers seeking consistent and predictable results.",
    "price": "3.25",
    "category": 3,
    "image": "product_images/safale_us05_yeast.jpg",
    "stock": 26,
    "is_active": true
  }
},
{
  "model": "products.product",
  "pk": 11,
  "fields": {
    "create_at": "2025-08-29T06:04:00.283Z",
    "update_at": "2025-08-29T12:59:06.966Z",
    "name": "Unmalted Wheat",
    "slug": "unmalted-wheat",
    "description": "Unmalted wheat is the secret ingredient behind the classic hazy, refreshing character of Belgian Witbier. Unlike malted wheat, this is raw, unprocessed grain that imparts a unique texture and flavor to the beer.\r\n\r\nUsing unmalted wheat provides the beer with its characteristic light haze, a smooth, silky body, and a subtle, bready-grainy flavor that doesn't overpower the delicate notes of coriander and orange peel. The high protein content of this grain also contributes to a dense and persistent head.\r\n\r\nThis ingredient is a must-have for any brewer aiming to recreate an authentic Belgian Witbier or to add complexity and body to other styles, such as Lambics.",
    "price": "1.80",
    "category": 1,
    "image": "product_images/unmalted_wheat.jpg",
    "stock": 5,
    "is_active": true
  }
},
{
  "model": "products.product",
  "pk": 12,
  "fields": {
    "create_at": "2025-08-29T06:04:00.283Z",
    "update_at": "2025-08-29T12:59:06.966Z",
    "name": "West Coast IPA - All-Grain Kit",
    "slug": "west-coast-ipa-all-grain-kit",
    "description": "Brew a craft brewing classic with our \"West Coast IPA - All-Grain Kit\"! This kit contains all the necessary ingredients to create a bright, bitter, and incredibly aromatic IPA in the style of the US West Coast.\r\n\r\nWe've selected the perfect combination of malts to achieve a clean, dry body that serves as an excellent base for a hop explosion. The kit includes a powerful combination of Centennial, Simcoe, and Columbus hops, which provide a burst of citrus, pine, and resinous notes characteristic of this style.\r\n\r\nThis kit is your ticket to the world of true West Coast IPA. It comes with detailed step-by-step instructions to guide you through every stage, from mashing to bottling.",
    "price": "60.00",
    "category": 1,
    "image": "product_images/unmalted_wheat.jpg",
    "stock": 20,
    "is_active": true
  }
},
{
  "model": "products.review",
  "pk": 1,
  "fields": {
    "create_at": "2025-08-29T05:00:15.527Z",
    "update_at": "2025-08-29T08:24:09.126Z",
    "product": 3,
    "user": 2,
    "rating": 3,
    "head_comment": "test_review",
    "comment": "Very cool product"
  }
},
{
  "model": "products.review",
  "pk": 2,
  "fields": {
    "create_at": "2025-08-29T05:00:15.527Z",
    "update_at": "2025-08-29T08:24:09.126Z",
    "product": 3,
    "user": 2,
    "rating": 5,
    "head_comment": "Super Cascade Indeed!",
    "comment": "The name says it all. It's like Cascade, but better. More citrus, more bitterness, more everything. Perfect for a single-hop IPA. One of my all-time favorite hops."
  }
},
{
  "model": "products.review",
  "pk": 3,
  "fields": {
    "create_at": "2025-08-29T05:00:15.527Z",
    "update_at": "2025-08-29T08:24:09.126Z",
    "product": 3,
    "user": 2,
    "rating": 5,
    "head_comment": "Clean Bitterness",
    "comment": "I use Centennial for the main bittering in my IPAs. It provides a very clean, smooth bitterness without the harshness that can sometimes come from other high-alpha varieties. And the whirlpool aroma is fantastic."
  }
},
{
  "model": "products.review",
  "pk": 4,
  "fields": {
    "create_at": "2025-08-29T05:00:15.527Z",
    "update_at": "2025-08-29T08:24:09.126Z",
    "product": 3,
    "user": 2,
    "rating": 4,
    "head_comment": "A Classic for a Reason",
    "comment": "You can't go wrong with Centennial. It's a time-tested, reliable hop. Perfect for a classic West Coast IPA. Always delivers predictable and excellent results."
  }
},
{
  "model": "products.review",
  "pk": 5,
  "fields": {
    "create_at": "2025-08-29T05:00:15.527Z",
    "update_at": "2025-08-29T08:24:09.126Z",
    "product": 4,
    "user": 2,
    "rating": 5,
    "head_comment": "Explosive Citrus Aroma!",
    "comment": "Used Citra for my latest NEIPA, and the aroma is absolutely incredible. Poured hazy, with intense notes of grapefruit and passion fruit. A must-have for any hop-forward beer!"
  }
},
{
  "model": "products.review",
  "pk": 6,
  "fields": {
    "create_at": "2025-08-29T05:00:15.527Z",
    "update_at": "2025-08-29T08:24:09.126Z",
    "product": 4,
    "user": 2,
    "rating": 5,
    "head_comment": "Great for Beginners",
    "comment": "When I was just starting to brew, this was the yeast recommended to me, and I have no regrets. It's very forgiving with temperature and handles many beginner mistakes."
  }
},
{
  "model": "products.review",
  "pk": 7,
  "fields": {
    "create_at": "2025-08-29T05:00:15.527Z",
    "update_at": "2025-08-29T08:24:09.126Z",
    "product": 4,
    "user": 2,
    "rating": 5,
    "head_comment": "Perfect Citrus!",
    "comment": "The beer always turns out great. A must-have for any hop-forward beer!"
  }
},
{
  "model": "products.review",
  "pk": 8,
  "fields": {
    "create_at": "2025-08-29T05:00:15.527Z",
    "update_at": "2025-08-29T08:24:09.126Z",
    "product": 5,
    "user": 2,
    "rating": 5,
    "head_comment": "My House Strain!",
    "comment": "I've tried many yeasts, but I always come back to A07. This is my \"house\" strain for all American ales. It's reliable, clean, and predictable. And the fact that you don't need a starter saves a ton of time!"
  }
},
{
  "model": "products.review",
  "pk": 9,
  "fields": {
    "create_at": "2025-08-29T05:00:15.527Z",
    "update_at": "2025-08-29T08:24:09.126Z",
    "product": 5,
    "user": 2,
    "rating": 5,
    "head_comment": "Perfect for Hazy IPAs",
    "comment": "This yeast works great in NEIPAs. It leaves a bit of body and enhances the fruity notes of the hops, creating that \"juicy\" flavor. Highly recommend."
  }
},
{
  "model": "products.review",
  "pk": 10,
  "fields": {
    "create_at": "2025-08-29T05:00:15.527Z",
    "update_at": "2025-08-29T08:24:09.126Z",
    "product": 5,
    "user": 2,
    "rating": 4,
    "head_comment": "Great, but temperature sensitive",
    "comment": "An excellent strain, it fermented my APA to perfection. The only thing is, try to keep the temperature at the lower end of the range. If it gets too warm, it can produce too many esters. But with proper control, the result is superb."
  }
},
{
  "model": "products.review",
  "pk": 11,
  "fields": {
    "create_at": "2025-08-29T05:00:15.527Z",
    "update_at": "2025-08-29T08:24:09.126Z",
    "product": 6,
    "user": 2,
    "rating": 5,
    "head_comment": "The Gold Standard!",
    "comment": "Unbeatable flavor for my bitters. If you want to brew a real British ale, you have to start with this malt. Fantastic efficiency and a wonderful aroma during the mash. 10/10."
  }
},
{
  "model": "products.review",
  "pk": 12,
  "fields": {
    "create_at": "2025-08-29T05:00:15.527Z",
    "update_at": "2025-08-29T08:24:09.126Z",
    "product": 6,
    "user": 2,
    "rating": 5,
    "head_comment": "Incredibly Reliable and Flavorful",
    "comment": "I've been using this malt for years. It always crushes perfectly, gives predictable results, and lends a depth to the beer that you just can't find in other base malts. Perfect for porters."
  }
},
{
  "model": "products.review",
  "pk": 13,
  "fields": {
    "create_at": "2025-08-29T05:00:15.527Z",
    "update_at": "2025-08-29T08:24:09.126Z",
    "product": 6,
    "user": 2,
    "rating": 4,
    "head_comment": "Adds Great Complexity",
    "comment": "I usually use American 2-row, but decided to try Maris Otter for my pale ale. The difference is noticeable! It added pleasant biscuit notes. A bit more expensive, so 4 stars, but the flavor is a solid 5."
  }
},
{
  "model": "products.review",
  "pk": 14,
  "fields": {
    "create_at": "2025-08-29T05:00:15.527Z",
    "update_at": "2025-08-29T08:24:09.126Z",
    "product": 7,
    "user": 2,
    "rating": 5,
    "head_comment": "A Flavor Explosion!",
    "comment": "If you want to brew a Hazy IPA that smells like a tropical fruit basket, Mosaic is your choice. Added it on the dry hop, and the result exceeded all expectations. Incredible!"
  }
},
{
  "model": "products.review",
  "pk": 15,
  "fields": {
    "create_at": "2025-08-29T05:00:15.527Z",
    "update_at": "2025-08-29T08:24:09.126Z",
    "product": 7,
    "user": 2,
    "rating": 5,
    "head_comment": "So Complex and Delicious",
    "comment": "This hop has it all! Every time I use it, I find new nuances—sometimes mango, sometimes blueberry, sometimes pine. It never gets old. Worth every penny."
  }
},
{
  "model": "products.review",
  "pk": 16,
  "fields": {
    "create_at": "2025-08-29T05:00:15.527Z",
    "update_at": "2025-08-29T08:24:09.126Z",
    "product": 7,
    "user": 2,
    "rating": 5,
    "head_comment": "My Secret Weapon",
    "comment": "I love mixing Mosaic with Citra 1:1 for my DIPAs. They create the perfect tandem. Mosaic adds that \"berry\" complexity that Citra lacks. A true secret weapon."
  }
},
{
  "model": "products.review",
  "pk": 17,
  "fields": {
    "create_at": "2025-08-29T05:00:15.527Z",
    "update_at": "2025-08-29T08:24:09.126Z",
    "product": 8,
    "user": 2,
    "rating": 5,
    "head_comment": "The Heart of a Good Lager",
    "comment": "If you want to brew a true, crisp pilsner, you can't do without this malt. It provides that clean, light base on which everything else is built. Works perfectly."
  }
},
{
  "model": "products.review",
  "pk": 18,
  "fields": {
    "create_at": "2025-08-29T05:00:15.527Z",
    "update_at": "2025-08-29T08:24:09.126Z",
    "product": 8,
    "user": 2,
    "rating": 5,
    "head_comment": "Clean Canvas",
    "comment": "I use this malt as a \"clean canvas\" for many of my varieties. It doesn't interfere, but only enhances the other ingredients. Ideal for experimenting with hops or yeast. The quality is always top-notch."
  }
},
{
  "model": "products.review",
  "pk": 19,
  "fields": {
    "create_at": "2025-08-29T05:00:15.527Z",
    "update_at": "2025-08-29T08:24:09.126Z",
    "product": 8,
    "user": 2,
    "rating": 4,
    "head_comment": "Very Light, Be Aware",
    "comment": "Excellent malt, but it's really very light. If you want any color at all, be sure to add specialty malts. For pilsners - it's super, but for pale ales I'd prefer something darker. Otherwise, no complaints."
  }
},
{
  "model": "products.review",
  "pk": 20,
  "fields": {
    "create_at": "2025-08-29T05:00:15.527Z",
    "update_at": "2025-08-29T08:24:09.126Z",
    "product": 9,
    "user": 2,
    "rating": 5,
    "head_comment": "The Only Choice for Pilsners",
    "comment": "Don't even think about brewing a Czech pilsner without Saaz. This hop *is* that flavor. Gentle, spicy, perfect. I always buy the fresh harvest; the aroma is just amazing."
  }
},
{
  "model": "products.review",
  "pk": 21,
  "fields": {
    "create_at": "2025-08-29T05:00:15.527Z",
    "update_at": "2025-08-29T08:24:09.126Z",
    "product": 9,
    "user": 2,
    "rating": 5,
    "head_comment": "Delicate and Refined",
    "comment": "I used it in a Belgian Saison, and it added a wonderful, subtle complexity. It doesn't overpower the yeast character but complements it. Very pleased with the result."
  }
},
{
  "model": "products.review",
  "pk": 22,
  "fields": {
    "create_at": "2025-08-29T05:00:15.527Z",
    "update_at": "2025-08-29T08:24:09.126Z",
    "product": 9,
    "user": 2,
    "rating": 4,
    "head_comment": "Low Alpha, High Aroma",
    "comment": "You need to know what you're buying this hop for. It provides almost no bitterness, so it's not suitable for that. But for late-boil aroma, it's unparalleled. Docking one star only because you need to use quite a bit for a noticeable effect."
  }
},
{
  "model": "products.review",
  "pk": 23,
  "fields": {
    "create_at": "2025-08-29T05:00:15.527Z",
    "update_at": "2025-08-29T08:24:09.126Z",
    "product": 10,
    "user": 2,
    "rating": 5,
    "head_comment": "The Workhorse of My Brewery",
    "comment": "I use US-05 for almost 80% of my ales. Incredibly reliable yeast. Always starts fast, ferments clean, and drops out nicely. You can't go wrong with this strain."
  }
},
{
  "model": "products.review",
  "pk": 24,
  "fields": {
    "create_at": "2025-08-29T05:00:15.527Z",
    "update_at": "2025-08-29T08:24:09.126Z",
    "product": 10,
    "user": 2,
    "rating": 5,
    "head_comment": "Clean & Crisp, Perfect for IPAs",
    "comment": "If you want your hops to be the star of your IPA, this is your yeast. No off-flavors, just pure, bright hop aroma. US-05 has never failed me."
  }
},
{
  "model": "products.review",
  "pk": 25,
  "fields": {
    "create_at": "2025-08-29T05:00:15.527Z",
    "update_at": "2025-08-29T08:24:09.126Z",
    "product": 10,
    "user": 2,
    "rating": 5,
    "head_comment": "Great for Beginners",
    "comment": "When I was just starting to brew, this was the yeast recommended to me, and I have no regrets. It's very forgiving with temperature and handles many beginner mistakes. The beer always turns out great!"
  }
},
{
  "model": "products.review",
  "pk": 26,
  "fields": {
    "create_at": "2025-08-29T05:00:15.527Z",
    "update_at": "2025-08-29T08:24:09.126Z",
    "product": 11,
    "user": 2,
    "rating": 5,
    "head_comment": "The Key to a True Wit",
    "comment": "I tried brewing witbiers with malted wheat, and they were okay. But as soon as I added unmalted wheat, everything fell into place! That signature light haze, that smoothness. This is it!"
  }
},
{
  "model": "products.review",
  "pk": 27,
  "fields": {
    "create_at": "2025-08-29T05:00:15.527Z",
    "update_at": "2025-08-29T08:24:09.126Z",
    "product": 11,
    "user": 2,
    "rating": 5,
    "head_comment": "Don't Forget the Rice Hulls!",
    "comment": "Great product, gives the beer a perfect body. A little tip: don't forget to add rice hulls to the mash! This wheat is very sticky and can completely clog your filter bed. With hulls, no problem at all."
  }
},
{
  "model": "products.review",
  "pk": 28,
  "fields": {
    "create_at": "2025-08-29T05:00:15.527Z",
    "update_at": "2025-08-29T08:24:09.126Z",
    "product": 11,
    "user": 2,
    "rating": 4,
    "head_comment": "Great result, tricky to work with",
    "comment": "The result exceeded expectations, the witbier turned out silky and delicious. But it's definitely trickier to work with than malt. You need a good mill and patience during sparging. But for an authentic taste, it's worth it."
  }
},
{
  "model": "products.review",
  "pk": 29,
  "fields": {
    "create_at": "2025-08-29T05:00:15.527Z",
    "update_at": "2025-08-29T08:24:09.126Z",
    "product": 12,
    "user": 2,
    "rating": 5,
    "head_comment": "Authentic West Coast Flavor!",
    "comment": "This kit is the bomb! The beer turned out exactly how I love it: bitter, aromatic, with a powerful pine-citrus profile. The instructions are very clear. Will definitely buy again."
  }
},
{
  "model": "products.review",
  "pk": 30,
  "fields": {
    "create_at": "2025-08-29T05:00:15.527Z",
    "update_at": "2025-08-29T08:24:09.126Z",
    "product": 12,
    "user": 2,
    "rating": 5,
    "head_comment": "Great Value and Quality",
    "comment": "Excellent value for money. All ingredients are fresh, the malt is well-milled, and the hops are aromatic. Ended up with 5 gallons of excellent IPA. Much easier than sourcing everything separately."
  }
},
{
  "model": "products.review",
  "pk": 31,
  "fields": {
    "create_at": "2025-08-29T05:00:15.527Z",
    "update_at": "2025-08-29T08:24:09.126Z",
    "product": 12,
    "user": 2,
    "rating": 4,
    "head_comment": "Awesome, but bitter!",
    "comment": "The kit is super, but be prepared for the bitterness! This is a real West Coast IPA, not a modern \"smoothie\". If you love the classics, you'll enjoy it. I might reduce the 60-minute hop addition slightly, but that's a matter of taste."
  }
},
{
  "model": "products.review",
  "pk": 32,
  "fields": {
    "create_at": "2025-08-29T05:00:15.527Z",
    "update_at": "2025-08-29T08:24:09.126Z",
    "product": 1,
    "user": 2,
    "rating": 5,
    "head_comment": "The Perfect Sweet Spot",
    "comment": "60L is my favorite caramel malt. It's not too light and not too dark. It provides the perfect balance of sweetness and caramel flavor for my Amber Ales. The color comes out just gorgeous."
  }
},
{
  "model": "products.review",
  "pk": 33,
  "fields": {
    "create_at": "2025-08-29T05:00:15.527Z",
    "update_at": "2025-08-29T08:24:09.126Z",
    "product": 1,
    "user": 2,
    "rating": 5,
    "head_comment": "Never Brew Without It",
    "comment": "I add a bit of C60 to almost every recipe. It improves head retention and gives the beer a finished quality that's hard to achieve otherwise. Works great in IPAs to balance the bitterness."
  }
},
{
  "model": "products.review",
  "pk": 34,
  "fields": {
    "create_at": "2025-08-29T05:00:15.527Z",
    "update_at": "2025-08-29T08:24:09.126Z",
    "product": 1,
    "user": 2,
    "rating": 5,
    "head_comment": "Consistent and Reliable",
    "comment": "The quality of this malt is always top-notch. Consistent color, wonderful aroma when crushed. If a recipe calls for Crystal 60, this is the one I always reach for. Recommended."
  }
},
{
  "model": "products.review",
  "pk": 35,
  "fields": {
    "create_at": "2025-08-29T05:00:15.527Z",
    "update_at": "2025-08-29T08:24:09.126Z",
    "product": 2,
    "user": 2,
    "rating": 5,
    "head_comment": "The Classic APA Hop",
    "comment": "If you're brewing an American Pale Ale, you simply have to use Cascade. It's a classic. Bright, citrusy, refreshing. Never fails. Opens up beautifully on the dry hop."
  }
},
{
  "model": "products.review",
  "pk": 36,
  "fields": {
    "create_at": "2025-08-29T05:00:15.527Z",
    "update_at": "2025-08-29T08:24:09.126Z",
    "product": 2,
    "user": 2,
    "rating": 5,
    "head_comment": "My Go-To Aroma Hop",
    "comment": "I add Cascade to almost all of my light ales for aroma. It gives the beer that signature character everyone loves. The fresh harvest smells absolutely divine!"
  }
},
{
  "model": "products.review",
  "pk": 37,
  "fields": {
    "create_at": "2025-08-29T05:00:15.527Z",
    "update_at": "2025-08-29T08:24:09.126Z",
    "product": 3,
    "user": 2,
    "rating": 4,
    "head_comment": "Solid and Dependable",
    "comment": "A good, reliable hop. Not as \"explosive\" as Citra or Mosaic, but for a balanced beer, it's just what you need. Sometimes the alpha acids are on the lower end, so check the batch specs. Otherwise, excellent."
  }
}
]